VID,carry-over,denominator,shares
V001,10000,10,10/P20
V002,50000,2,2/P17
V003,75000,4,1/P03|2/P29|1/P19
V004,100000,10,2/P05|1/P23|2/P16|5/P13
V005,0,1,1/P28
V006,0,100,1/P20|69/P10|17/P19|13/P13
V007,0,10,1/P24|3/P25|2/P08
V008,0,100,20/P28|49/P14|31/P06
V009,0,5,1/P13|1/P05|3/P10
V010,75000,2,1/P03|1/P24
V011,10000,2,1/P10|1/P29
V012,50000,5,5/P22
V013,0,1,1/P05
V014,75000,10,1/P11|9/P28
V015,100000,10,2/P26|2/P05|6/P15
V016,0,2,2/P13
V017,75000,1,1/P13
V018,50000,3,1/P26|2/P13
V019,0,1,1/P19
V020,50000,1,1/P22
V021,25000,3,1/P22|2/P09
V022,10000,4,4/P21
V023,100000,5,1/P05|1/P10|3/P03
V024,0,100,13/P22|4/P20|16/P30|51/P01|16/P28
V025,75000,1,1/P06
V026,100000,100,20/P03|74/P10|6/P05
V027,0,5,2/P05|2/P30|1/P22
V028,50000,4,4/P10
V029,0,2,1/P22|1/P10
V030,0,2,2/P27
V031,0,10,3/P26|1/P11|6/P22
V032,10000,100,40/P10
V033,50000,2,1/P28|1/P22
V034,0,10,5/P10|1/P15|4/P08
V035,50000,4,1/P03|1/P13|1/P15|1/P27
V036,50000,5,3/P22|2/P05
V037,25000,4,1/P17|3/P05
V038,100000,4,1/P28|2/P08|1/P26
V039,50000,100,79/P22|21/P08
V040,0,1,1/P06
V041,100000,2,1/P20|1/P25
V042,75000,4,4/P22
V043,10000,2,2/P27
V044,50000,100,100/P13
V045,100000,100,20/P20|40/P22|35/P13|5/P28
V046,10000,3,3/P28
V047,10000,3,1/P03|2/P09
V048,0,1,1/P16
V049,10000,3,1/P24|2/P28
V050,75000,3,1/P10|2/P22
V051,50000,5,1/P22|1/P03|1/P28|2/P05
V052,50000,100,6/P08|63/P30|26/P12|5/P28
V053,0,2,2/P25
V054,0,2,1/P28|1/P21
V055,0,5,4/P13|1/P07
V056,75000,100,36/P30|25/P04
V057,25000,4,4/P22
V058,0,100,8/P27|35/P26|21/P19|18/P03|18/P15
V059,0,100,19/P28|36/P04|35/P30|10/P21
V060,0,10,3/P30|1/P08|1/P27|4/P15|1/P13
V061,50000,3,1/P20|1/P10
V062,10000,100,1/P10|65/P28|34/P22
V063,100000,1,1/P22
V064,10000,4,4/P04
V065,10000,3,1/P17|1/P13|1/P08
V066,50000,2,1/P24|1/P20
V067,0,2,1/P01|1/P15
V068,0,10,4/P01|3/P08|3/P13
V069,0,100,20/P10
V070,75000,2,2/P30
V071,0,5,2/P06|2/P15|1/P28
V072,0,100,22/P21|48/P08
V073,100000,2,2/P10
V074,100000,3,3/P06
V075,75000,1,1/P26
V076,25000,1,1/P05
V077,0,10,1/P30|2/P13|7/P03
V078,0,100,35/P19|21/P25|44/P05
V079,50000,5,1/P13|4/P04
V080,0,4,2/P08|2/P17
V081,100000,100,63/P28|16/P01|17/P13|4/P03
V082,25000,100,100/P06
V083,75000,4,4/P30
V084,0,1,1/P29
V085,0,4,1/P14|2/P08|1/P28
V086,25000,4,4/P14
V087,100000,100,74/P10|1/P26|9/P08|16/P01
V088,100000,100,48/P13|52/P10
V089,0,3,3/P30
V090,50000,3,1/P27|2/P10
V091,100000,100,100/P28
V092,25000,1,1/P10
V093,10000,3,1/P10|1/P09|1/P24
V094,100000,10,9/P13
V095,0,2,1/P29|1/P26
V096,100000,2,1/P05|1/P20
V097,0,10,4/P13|6/P22
V098,10000,1,1/P08
V099,100000,4,4/P22
V100,25000,100,24/P25|55/P06|21/P27
V101,100000,10,4/P21|6/P29
V102,100000,1,1/P05
V103,10000,100,18/P23|78/P10|4/P05
V104,25000,100,7/P30|16/P27|6/P10|3/P26
V105,100000,5,1/P04
V106,10000,10,3/P03
V107,75000,5,4/P10|1/P30
V108,75000,5,4/P28|1/P22
V109,100000,3,3/P22
V110,75000,2,1/P22|1/P16
V111,0,3,3/P28
V112,10000,100,1/P06|2/P19
V113,0,3,1/P26|2/P19
V114,50000,5,1/P26|1/P05|3/P28
V115,0,1,1/P05
V116,100000,4,2/P14|2/P05
V117,75000,10,10/P03
V118,0,4,4/P13
V119,25000,1,1/P20
V120,75000,4,1/P20|2/P22|1/P25
V121,0,3,3/P08
V122,50000,1,1/P23
V123,0,100,27/P28|37/P22|9/P30|27/P20
V124,0,10,3/P06|3/P04|3/P28|1/P10
V125,0,5,2/P08|3/P24
V126,0,100,81/P19|19/P10
V127,0,1,1/P25
V128,100000,10,10/P08
V129,100000,5,4/P11|1/P06
V130,25000,5,1/P03|2/P20
V131,75000,3,2/P13|1/P15
V132,0,100,100/P13
V133,0,100,2/P19|39/P22|59/P12
V134,0,100,28/P13|14/P22|1/P10|52/P04|5/P03
V135,25000,1,1/P10
V136,100000,2,2/P24
V137,100000,4,1/P13|1/P30|1/P19|1/P21
V138,0,4,1/P19
V139,100000,3,3/P28
V140,0,100,10/P22|33/P09|21/P13|27/P05|9/P03
V141,50000,1,1/P30
V142,50000,3,1/P25
V143,0,1,1/P08
V144,50000,5,5/P08
V145,0,100,87/P22|13/P28
V146,0,10,3/P14|4/P08|3/P30
V147,0,2,2/P08
V148,0,10,2/P28|7/P21|1/P20
V149,10000,10,3/P03|4/P10|1/P22|2/P30
V150,0,3,2/P29|1/P06
V151,100000,100,82/P26|18/P05
V152,0,100,10/P17|26/P04|64/P28
V153,75000,3,2/P05|1/P13
V154,0,1,1/P30
V155,75000,3,2/P13
V156,100000,1,1/P21
V157,0,5,1/P01|2/P06|1/P05|1/P13
V158,75000,5,4/P15|1/P14
V159,50000,100,13/P03|61/P10|24/P23|2/P06
V160,0,2,2/P10
V161,0,100,4/P30|21/P13|12/P05|63/P22
V162,100000,100,50/P28|50/P09
V163,50000,3,3/P24
V164,0,100,100/P28
V165,100000,100,23/P13|40/P10|37/P30
V166,25000,3,2/P13|1/P05
V167,0,4,2/P13|1/P29|1/P20
V168,0,1,1/P22
V169,50000,2,1/P10|1/P02
V170,75000,4,4/P19
V171,25000,3,3/P05
V172,0,100,25/P22|37/P06|38/P20
V173,100000,2,2/P13
V174,50000,1,1/P08
V175,0,5,3/P05|2/P06
V176,75000,3,1/P19|1/P13
V177,0,100,44/P28|22/P03|21/P30|13/P21
V178,0,100,19/P21|2/P05|17/P30|28/P13|19/P29
V179,25000,3,3/P30
V180,50000,2,2/P21
V181,0,100,53/P03|20/P28|6/P30|2/P25|19/P08
V182,75000,4,1/P13|2/P27|1/P22
V183,50000,4,1/P06|1/P20|1/P08|1/P22
V184,50000,5,1/P04|2/P05|1/P13|1/P03
V185,0,5,3/P30|2/P13
V186,0,4,2/P06|1/P19|1/P03
V187,0,4,2/P28|2/P22
V188,25000,4,4/P19
V189,75000,1,1/P30
V190,0,3,3/P10
V191,0,1,1/P27
V192,50000,3,2/P10|1/P21
V193,0,3,3/P30
V194,0,5,3/P22|1/P30|1/P19
V195,75000,5,1/P10|1/P28|1/P06|2/P19
V196,0,2,2/P11
V197,50000,5,3/P18|2/P30
V198,100000,2,1/P29|1/P10
V199,10000,2,1/P08|1/P30
V200,75000,10,1/P09|8/P10|1/P30
V201,100000,4,2/P27|2/P08
V202,0,10,4/P23|4/P06|2/P28
V203,0,1,1/P29
V204,0,4,1/P06|3/P30
V205,0,2,1/P05|1/P30
V206,0,3,1/P20|1/P10|1/P13
V207,50000,3,3/P22
V208,50000,100,51/P19|3/P24|46/P05
V209,50000,1,1/P05
V210,10000,3,2/P01|1/P08
V211,100000,2,2/P13
V212,50000,100,57/P27|10/P28|23/P22|10/P19
V213,0,1,1/P29
V214,75000,5,2/P13|3/P14
V215,0,3,3/P23
V216,25000,4,3/P16|1/P03
V217,50000,4,3/P25|1/P30
V218,0,4,1/P28|1/P29|2/P10
V219,75000,2,1/P10|1/P05
V220,75000,5,5/P10
V221,0,5,1/P06
V222,10000,4,1/P28|1/P07|2/P03
V223,0,100,28/P09|7/P20|3/P22|14/P08|48/P05
V224,75000,5,2/P28|1/P29|1/P21|1/P13
V225,10000,4,1/P08|3/P05
V226,0,3,3/P27
V227,0,4,1/P07
V228,0,5,5/P10
V229,0,2,2/P28
V230,50000,10,4/P29|2/P22|1/P10|3/P06
V231,10000,3,2/P10|1/P28
V232,25000,3,2/P11|1/P18
V233,50000,2,2/P10
V234,0,3,1/P30|2/P13
V235,0,5,5/P15
V236,10000,100,100/P25
V237,100000,1,1/P01
V238,0,1,1/P15
V239,0,5,1/P15|2/P08|2/P13
V240,25000,1,1/P28
V241,0,10,10/P22
V242,0,1,1/P10
V243,100000,5,5/P06
V244,25000,3,3/P30
V245,0,5,2/P05|1/P28|2/P01
V246,50000,5,4/P19|1/P28
V247,0,4,2/P22
V248,75000,4,4/P28
V249,75000,100,45/P01|25/P08|30/P30
V250,0,4,1/P22|3/P03
V251,0,1,1/P05
V252,25000,1,1/P30
V253,0,1,1/P03
V254,75000,1,1/P10
V255,75000,1,1/P22
V256,75000,2,1/P08|1/P05
V257,0,3,1/P10|2/P30
V258,75000,3,3/P30
V259,10000,100,38/P13|3/P28|59/P22
V260,10000,4,3/P05|1/P10
V261,10000,3,1/P26|2/P10
V262,10000,4,1/P28|1/P03|2/P26
V263,75000,3,1/P22
V264,10000,5,4/P12|1/P02
V265,50000,10,6/P05|4/P20
V266,75000,100,28/P04|19/P06|10/P23|43/P18
V267,25000,4,1/P30|1/P13|2/P08
V268,25000,3,2/P15|1/P10
V269,0,1,1/P01
V270,0,10,8/P30|2/P23
V271,0,3,1/P13|2/P26
V272,0,10,1/P06|9/P24
V273,75000,100,40/P05|9/P09|27/P13|5/P07|19/P28
V274,0,5,5/P10
V275,0,100,30/P30|9/P19|61/P22
V276,0,2,1/P22|1/P12
V277,50000,4,2/P21|1/P30|1/P17
V278,100000,1,1/P05
V279,10000,2,2/P19
V280,0,3,3/P08
V281,50000,100,34/P19|35/P25|30/P13|1/P14
V282,10000,5,5/P24
V283,10000,4,4/P23
V284,0,3,3/P13
V285,50000,4,4/P25
V286,25000,100,21/P21|20/P05|27/P06|22/P03|10/P10
V287,0,3,1/P28|1/P30|1/P22
V288,75000,2,2/P22
V289,0,4,3/P19|1/P08
V290,50000,10,10/P10
V291,75000,4,2/P01|1/P25|1/P23
V292,50000,2,1/P13|1/P09
V293,100000,10,10/P03
V294,100000,1,1/P30
V295,50000,1,1/P22
V296,75000,10,3/P03|7/P21
V297,0,10,3/P22
V298,75000,2,1/P28|1/P30
V299,25000,1,1/P04
V300,0,2,2/P24
